none_train,none_val,reg_train,reg_val
0.8625374436378479,0.9012554883956909,0.9331963062286377,0.966234564781189
0.5769570469856262,0.62850022315979,0.6548610329627991,0.6994421482086182
0.4378800094127655,0.502988874912262,0.5094726085662842,0.5635216236114502
0.3578791916370392,0.4403477907180786,0.42424702644348145,0.4882239103317261
0.3024151623249054,0.40453752875328064,0.3673000931739807,0.444200724363327
0.26073551177978516,0.37762394547462463,0.32621151208877563,0.4135496914386749
0.22792410850524902,0.3602639138698578,0.29411202669143677,0.393537700176239
0.19963116943836212,0.34756702184677124,0.2667931914329529,0.3787684738636017
0.17595568299293518,0.33548104763031006,0.2432197779417038,0.3669085204601288
0.15688911080360413,0.3258603811264038,0.2246733158826828,0.3578450679779053
0.13944284617900848,0.31737446784973145,0.20741157233715057,0.3509189188480377
0.12502816319465637,0.30941158533096313,0.19113028049468994,0.3417262136936188
0.11187294870615005,0.3043830394744873,0.17762671411037445,0.33483022451400757
0.10023793578147888,0.30122169852256775,0.16477258503437042,0.3295678496360779
0.09012831747531891,0.2951451539993286,0.15359467267990112,0.3231486678123474
0.08164708316326141,0.2884146571159363,0.14315293729305267,0.31609755754470825
0.0742584764957428,0.2861437201499939,0.13369204103946686,0.3121907413005829
0.0669250413775444,0.2877194285392761,0.12533773481845856,0.3116926848888397
0.060769885778427124,0.2833822965621948,0.11684376001358032,0.30593767762184143
0.055481936782598495,0.2802751362323761,0.10943946987390518,0.30039194226264954
0.05073194578289986,0.2786814272403717,0.10273835062980652,0.2967742383480072
0.0464392825961113,0.27654385566711426,0.09645648300647736,0.29366257786750793
0.042886536568403244,0.2772889733314514,0.09114069491624832,0.29262733459472656
0.039660993963479996,0.2761227488517761,0.08600975573062897,0.29138991236686707
0.03683844208717346,0.2736264169216156,0.08136811852455139,0.28690171241760254
0.03444778919219971,0.27487921714782715,0.07736923545598984,0.28644856810569763
0.032008878886699677,0.27515706419944763,0.07327152788639069,0.28507915139198303
0.02976154163479805,0.27372482419013977,0.06951361149549484,0.2842312753200531
0.027743445709347725,0.2717570960521698,0.06590788066387177,0.28276029229164124
0.026092929765582085,0.2707907259464264,0.06298687309026718,0.2795681059360504
0.024430962279438972,0.2698897421360016,0.06003550440073013,0.2773258686065674
0.02286417968571186,0.2702900767326355,0.057140227407217026,0.27724534273147583
0.021509084850549698,0.2703208327293396,0.05450652167201042,0.2772026062011719
0.020244784653186798,0.2695322334766388,0.05221492052078247,0.278155654668808
0.019128108397126198,0.2700274586677551,0.050106897950172424,0.2779815196990967
0.018101593479514122,0.2709367573261261,0.04795811325311661,0.2767900824546814
0.017146360129117966,0.26893457770347595,0.04644659161567688,0.2731485962867737
0.016262060031294823,0.2693732976913452,0.04450466111302376,0.27253028750419617
0.015462693758308887,0.2694755494594574,0.04284787178039551,0.27414026856422424
0.014738892205059528,0.26974594593048096,0.04129109904170036,0.2738600969314575
0.0140470489859581,0.2690669894218445,0.039824068546295166,0.2716800272464752
0.013407565653324127,0.2692309021949768,0.0385579839348793,0.27086180448532104
0.012793307192623615,0.2703847587108612,0.03723111003637314,0.2714989483356476
0.01224107202142477,0.26893356442451477,0.036089830100536346,0.2693181037902832
0.011728431098163128,0.269608736038208,0.03523232042789459,0.2701985836029053
0.011210089549422264,0.26985183358192444,0.03398909792304039,0.27086374163627625
0.01072863768786192,0.27051544189453125,0.032870497554540634,0.2729857563972473
0.010287787765264511,0.2714425027370453,0.031950294971466064,0.27480149269104004
0.009882016107439995,0.2742927372455597,0.030976295471191406,0.2742950916290283
0.009477912448346615,0.2743719518184662,0.02996109239757061,0.27241599559783936
0.009116961620748043,0.2748968303203583,0.029170220717787743,0.2736411988735199
0.008763877674937248,0.27425262331962585,0.02838330715894699,0.27331438660621643
0.008432039991021156,0.2742772102355957,0.027713993564248085,0.2758576571941376
0.008128704503178596,0.27404314279556274,0.026913439854979515,0.27495449781417847
0.007838377729058266,0.27454614639282227,0.02616449072957039,0.27340272068977356
0.007561557926237583,0.2747107446193695,0.025525834411382675,0.27232053875923157
0.007301819510757923,0.27545955777168274,0.025019001215696335,0.2734013497829437
0.007052605506032705,0.276287704706192,0.024498144164681435,0.2733961343765259
0.006817559711635113,0.2764652967453003,0.024054711684584618,0.27377015352249146
0.006591763813048601,0.2771211862564087,0.023421727120876312,0.27332064509391785
0.0063802278600633144,0.27798354625701904,0.02292131446301937,0.2733767628669739
0.006176033057272434,0.27847033739089966,0.022401465103030205,0.2740798890590668
0.005977679509669542,0.27861493825912476,0.021958958357572556,0.27352601289749146
0.005793736316263676,0.27882876992225647,0.021592602133750916,0.271908700466156
0.00561485905200243,0.27857959270477295,0.02099398523569107,0.27110666036605835
0.005444955546408892,0.2785482704639435,0.02056875079870224,0.27045339345932007
0.0052800304256379604,0.27914273738861084,0.02017282508313656,0.2712322175502777
0.005123813170939684,0.27948513627052307,0.01979677937924862,0.2718304693698883
0.004972746130079031,0.28029459714889526,0.019676832482218742,0.27592921257019043
0.004834290128201246,0.2809307277202606,0.0193942803889513,0.27631068229675293
0.004700175952166319,0.2809623181819916,0.0189546849578619,0.2742183804512024
0.0045627118088305,0.2810121476650238,0.018369950354099274,0.2718929350376129
0.004437503404915333,0.28104421496391296,0.017987871542572975,0.2702704071998596
0.004317285027354956,0.28176042437553406,0.017699262127280235,0.2704710364341736
0.004202533513307571,0.28220510482788086,0.017447976395487785,0.2709639072418213
0.004092283546924591,0.2830299437046051,0.017136476933956146,0.27257585525512695
0.003986316733062267,0.28296443819999695,0.01687786541879177,0.2720199525356293
0.0038846139796078205,0.2829728424549103,0.016599249094724655,0.27168363332748413
0.003786824643611908,0.2833938002586365,0.01634651981294155,0.27210667729377747
0.0036938583943992853,0.28368788957595825,0.016194557771086693,0.2720347046852112
0.003602005075663328,0.28408902883529663,0.01596774160861969,0.27244797348976135
0.0035137583035975695,0.2841183841228485,0.015744894742965698,0.2725103199481964
0.003428924595937133,0.28466200828552246,0.015529879368841648,0.2723638713359833
0.0033472729846835136,0.28475722670555115,0.015304210595786572,0.2715507745742798
0.00326912896707654,0.28540340065956116,0.015071878209710121,0.27239179611206055
0.0031942068599164486,0.28568369150161743,0.014916026033461094,0.27385812997817993
0.0031221266835927963,0.2863874137401581,0.014748013578355312,0.2747529149055481
0.0030524861067533493,0.2867846190929413,0.014551440253853798,0.2739475667476654
0.0029843440279364586,0.28738099336624146,0.014372740872204304,0.27385661005973816
0.0029176385141909122,0.28802627325057983,0.014174719341099262,0.2748540937900543
0.00285419262945652,0.28845223784446716,0.014003964141011238,0.27522701025009155
0.002791940001770854,0.2881680428981781,0.01384657435119152,0.27341610193252563
0.0027302466332912445,0.2882120609283447,0.013667589984834194,0.2743452489376068
0.0026719693560153246,0.2889958918094635,0.013566414825618267,0.2783527970314026
0.002615308156237006,0.2891741693019867,0.01340662594884634,0.2786726951599121
0.002560834400355816,0.28915438055992126,0.013268185779452324,0.27877312898635864
0.0025066251400858164,0.28983956575393677,0.013167988508939743,0.2795979082584381
0.0024519143626093864,0.2906954884529114,0.013019522652029991,0.2799426317214966
0.0024020031560212374,0.2913181781768799,0.012862281873822212,0.2789462208747864
0.002352848881855607,0.2918429672718048,0.012720191851258278,0.2789956331253052
0.0023064189590513706,0.2923511266708374,0.012600460089743137,0.2792758345603943
0.0022595268674194813,0.2925927937030792,0.012423701584339142,0.2795863747596741
0.002215903950855136,0.29327157139778137,0.01228118222206831,0.28013521432876587
0.0021728011779487133,0.29370567202568054,0.012118247337639332,0.27855783700942993
0.0021311286836862564,0.29296597838401794,0.011989259161055088,0.2751680612564087
0.0020909099839627743,0.2929588854312897,0.01186719723045826,0.2738941013813019
0.002050549490377307,0.29354509711265564,0.01171986386179924,0.2735483646392822
0.0020130379125475883,0.2942158579826355,0.011594823561608791,0.2745334208011627
0.0019773426465690136,0.29412171244621277,0.011464416980743408,0.27431753277778625
0.001943431911058724,0.29373204708099365,0.011432422325015068,0.2731248438358307
0.0019054951844736934,0.29462751746177673,0.01127537339925766,0.27371975779533386
0.0018695611506700516,0.29514554142951965,0.01112774945795536,0.27461573481559753
0.0018355146748945117,0.295602411031723,0.011009682901203632,0.27580922842025757
0.0018016300164163113,0.29594913125038147,0.01091255433857441,0.2759183347225189
0.001769648166373372,0.29654622077941895,0.010789836756885052,0.27697497606277466
0.0017382076475769281,0.2971970736980438,0.010683681815862656,0.2786085903644562
0.0017074767965823412,0.29757410287857056,0.010577628389000893,0.28017768263816833
0.0016782494494691491,0.29788801074028015,0.010453591123223305,0.2791431248188019
0.0016492425929754972,0.2982122302055359,0.01035061664879322,0.2791704833507538
0.001620532013475895,0.29881036281585693,0.010263827629387379,0.2804628312587738
0.0015946795465424657,0.2996748685836792,0.010218428447842598,0.2820787727832794
0.001566276652738452,0.3004903197288513,0.010117942467331886,0.2826141119003296
0.0015383368590846658,0.30010437965393066,0.010047203861176968,0.27956461906433105
0.00151278346311301,0.30020371079444885,0.009969033300876617,0.27753058075904846
0.0014877484645694494,0.3002087473869324,0.009830945171415806,0.2777974307537079
0.0014631337253376842,0.300516813993454,0.009718459099531174,0.2791357636451721
0.001438937964849174,0.30080705881118774,0.009616921655833721,0.2796162962913513
0.0014159193960949779,0.30136555433273315,0.009533717297017574,0.27929064631462097
0.001393048674799502,0.301337331533432,0.00944516435265541,0.2784920930862427
0.0013715068344026804,0.3013779819011688,0.009372846223413944,0.2772654592990875
0.0013511729193851352,0.30143728852272034,0.009343071840703487,0.2784152626991272
0.0013291824143379927,0.3025728464126587,0.009240210987627506,0.2796531915664673
0.0013085356913506985,0.30298668146133423,0.009144842624664307,0.2798018455505371
0.0012881089933216572,0.30379000306129456,0.009082428179681301,0.2816106975078583
0.0012682875385507941,0.30417779088020325,0.00900219101458788,0.28152698278427124
0.001248890650458634,0.3041752576828003,0.008927298709750175,0.28071141242980957
0.0012300621019676328,0.30425870418548584,0.00885558221489191,0.2810189127922058
0.0012112647527828813,0.3047999441623688,0.00872646551579237,0.2812548875808716
0.001192868803627789,0.30524811148643494,0.008644433692097664,0.27931612730026245
0.0011756105814129114,0.3055708408355713,0.008635166101157665,0.2767583727836609
0.0011579388519749045,0.3059861958026886,0.008576137013733387,0.2786995768547058
0.0011403957614675164,0.3065027892589569,0.008512536063790321,0.2830319106578827
0.0011237801518291235,0.3070363402366638,0.008449524641036987,0.2838968336582184
0.0011070180917158723,0.30699649453163147,0.008404930122196674,0.28486761450767517
0.0010904580121859908,0.3070721924304962,0.008308878168463707,0.28495559096336365
0.001074410742148757,0.30681321024894714,0.008254127576947212,0.2842371463775635
0.0010582992108538747,0.30704596638679504,0.008155803196132183,0.282270222902298
0.0010423585772514343,0.3076823353767395,0.008077596314251423,0.2824545204639435
0.0010266017634421587,0.3081008195877075,0.008009611628949642,0.2829928994178772
0.001011814922094345,0.30846336483955383,0.00794922187924385,0.2831883728504181
0.0009972386760637164,0.308353066444397,0.007855473086237907,0.2802400588989258
0.0009833060903474689,0.3086544871330261,0.007786322385072708,0.2794992923736572
0.0009698356734588742,0.3091607093811035,0.007726484443992376,0.2816131114959717
0.0009562267805449665,0.30949491262435913,0.007644338067620993,0.2831461727619171
0.0009432150982320309,0.3100115954875946,0.007585135288536549,0.28469234704971313
0.0009301960817538202,0.3103759288787842,0.0075144581496715546,0.28489428758621216
0.0009179189219139516,0.31044071912765503,0.007481004111468792,0.28391122817993164
0.0009059049189090729,0.31057044863700867,0.007403601426631212,0.2849035859107971
0.0008935895166359842,0.31102317571640015,0.007335094269365072,0.2835423946380615
0.0008819927461445332,0.3114345967769623,0.007290622219443321,0.28323566913604736
0.0008705168147571385,0.31184491515159607,0.0072714765556156635,0.28396841883659363
0.0008592396625317633,0.312184602022171,0.007225693669170141,0.2828540503978729
0.0008479778189212084,0.31277838349342346,0.007165761198848486,0.2833598256111145
0.0008371357107535005,0.31273388862609863,0.007119070738554001,0.2829635441303253
0.0008265927317552269,0.3125017285346985,0.007092856336385012,0.283511757850647
0.0008155751274898648,0.31222596764564514,0.007024048361927271,0.2826520800590515
0.0008050068281590939,0.3121635913848877,0.00699244299903512,0.2812020182609558
0.0007942372467368841,0.3125559389591217,0.006966269109398127,0.2815537452697754
0.0007837130106054246,0.3132269084453583,0.006918604020029306,0.2835308611392975
0.0007736221887171268,0.3136945962905884,0.006841154303401709,0.28392285108566284
0.000763866410125047,0.3143835663795471,0.006804532837122679,0.28392598032951355
0.0007541725062765181,0.31478068232536316,0.006749685853719711,0.2833195924758911
0.0007446524105034769,0.3148328959941864,0.006672904826700687,0.2829032242298126
0.0007354977424256504,0.31492674350738525,0.006602767389267683,0.2835099399089813
0.0007263928418979049,0.3150884807109833,0.006570960395038128,0.28346702456474304
0.0007172734476625919,0.31515854597091675,0.0064972140826284885,0.2833462655544281
0.0007084851968102157,0.3155432641506195,0.00645564217120409,0.2843289375305176
0.0006996841984800994,0.3158351480960846,0.0063941869884729385,0.28556588292121887
0.0006913620745763183,0.31658944487571716,0.00637112557888031,0.2884940505027771
0.0006828004261478782,0.3167470693588257,0.006304310169070959,0.28829267621040344
0.0006749432650394738,0.31696969270706177,0.006262266542762518,0.2881968021392822
0.0006671294686384499,0.3171817660331726,0.006244113203138113,0.2869051694869995
0.0006590575212612748,0.31740325689315796,0.006313059013336897,0.2868835926055908
0.0006513126427307725,0.31790733337402344,0.006295692175626755,0.2881292700767517
0.0006438746931962669,0.3183027505874634,0.006255473010241985,0.2901230752468109
0.0006363929715007544,0.31822431087493896,0.006219214294105768,0.29008767008781433
0.0006291275494731963,0.31841424107551575,0.006166958715766668,0.2906939387321472
0.0006217806367203593,0.31886062026023865,0.006093891337513924,0.2898837924003601
0.0006146107916720212,0.31931665539741516,0.006043567322194576,0.28914451599121094
0.0006074003758840263,0.3195035457611084,0.005997139494866133,0.2895992398262024
0.0006004428723827004,0.3197847008705139,0.005979320500046015,0.29060909152030945
0.000593619595747441,0.31974756717681885,0.005917980335652828,0.2880808711051941
0.0005866194842383265,0.3199249505996704,0.005839847028255463,0.2873639166355133
0.0005801869556307793,0.32025882601737976,0.005808242596685886,0.28882768750190735
0.0005735799204558134,0.3206073045730591,0.005767792463302612,0.2894518971443176
0.0005672030965797603,0.3207285404205322,0.0057245041243731976,0.2884010076522827
0.0005607642233371735,0.32074546813964844,0.005660997238010168,0.2855757176876068
0.0005542105645872653,0.3213983476161957,0.005618089344352484,0.28651002049446106
0.0005479721003212035,0.3216896653175354,0.005580124910920858,0.2871292233467102
0.0005420327070169151,0.3221006989479065,0.0055758836679160595,0.2893480956554413
0.0005361963994801044,0.32240667939186096,0.005560114048421383,0.2884330153465271
0.000530516728758812,0.32244470715522766,0.005542213562875986,0.2873033285140991
0.0005246928194537759,0.3227960169315338,0.005500326864421368,0.2879754602909088
0.0005189235671423376,0.3230707347393036,0.005458083935081959,0.28830185532569885
0.0005133236409164965,0.3232264220714569,0.00541307358071208,0.2885127365589142
0.0005079183029010892,0.3230086863040924,0.005368946120142937,0.28652065992355347
0.0005023645935580134,0.32310619950294495,0.0053475177846848965,0.2868615686893463
0.0004970260197296739,0.32349327206611633,0.005321825388818979,0.28862348198890686
0.0004917265614494681,0.3239326775074005,0.0052703251130878925,0.2902088761329651
0.0004864594666287303,0.3244243264198303,0.0052165198139846325,0.2906254827976227
0.0004813407431356609,0.32485488057136536,0.005160392727702856,0.2912580966949463
0.00047632752102799714,0.32520774006843567,0.005125539842993021,0.2919527292251587
0.00047139578964561224,0.3254891335964203,0.005085252691060305,0.29176732897758484
0.00046660093357786536,0.3258270025253296,0.00505715562030673,0.29216468334198
0.0004616955993697047,0.32598498463630676,0.005007689818739891,0.2920096218585968
0.0004568789154291153,0.32650095224380493,0.005049805622547865,0.29486367106437683
0.000451967614935711,0.32649096846580505,0.005029997788369656,0.2952688932418823
0.00044727057684212923,0.3265213966369629,0.0049719070084393024,0.29443368315696716
0.0004425392544362694,0.3266095519065857,0.0049234312027692795,0.29319095611572266
0.0004379263846203685,0.3270045816898346,0.004863292444497347,0.29275473952293396
0.00043327899766154587,0.32705652713775635,0.004823643714189529,0.2925424575805664
0.0004287747433409095,0.32715409994125366,0.004778203088790178,0.2922740876674652
0.0004243612347636372,0.32756051421165466,0.004776462446898222,0.29252690076828003
0.0004201761621516198,0.327822744846344,0.004764304496347904,0.2922675311565399
0.000415923772379756,0.3280678689479828,0.004731670022010803,0.2922811210155487
0.00041172868805006146,0.32832837104797363,0.004703806713223457,0.29344508051872253
0.0004075178294442594,0.32896944880485535,0.0046770814806222916,0.2963103950023651
0.0004033022851217538,0.32906633615493774,0.0046458980068564415,0.2955392897129059
0.00039921546704135835,0.3294396698474884,0.004620949272066355,0.2961679995059967
0.0003951448015868664,0.32937130331993103,0.004606123548001051,0.29514381289482117
0.00039116095285862684,0.3296445310115814,0.004596624057739973,0.2948131263256073
0.0003872038796544075,0.32971200346946716,0.004538718145340681,0.29459092020988464
0.00038334241253323853,0.3300265967845917,0.004497983492910862,0.29569530487060547
0.0003795103984884918,0.3302032947540283,0.004473138600587845,0.2963896691799164
0.0003757687518373132,0.33065691590309143,0.004459981340914965,0.2984008193016052
0.00037195044569671154,0.331001341342926,0.004465392790734768,0.29988574981689453
0.0003681460511870682,0.33127763867378235,0.004437637981027365,0.29947128891944885
0.0003645076649263501,0.33168280124664307,0.0044121528044342995,0.2983377277851105
0.0003609703271649778,0.3319527506828308,0.004390499088913202,0.2982160747051239
0.00035761462640948594,0.33214083313941956,0.004359389655292034,0.2961893379688263
0.00035425351234152913,0.33248427510261536,0.004328374285250902,0.2941276729106903
0.0003508111694827676,0.3327406048774719,0.004309855867177248,0.29401707649230957
0.00034738797694444656,0.33283674716949463,0.00427743885666132,0.2950746417045593
0.00034410125226713717,0.3329159915447235,0.004251259844750166,0.29522615671157837
0.0003407925833016634,0.33293429017066956,0.0042199487797915936,0.2937510311603546
0.0003375545784365386,0.33285003900527954,0.0042077223770320415,0.2943987250328064
0.0003343700373079628,0.3329823315143585,0.004196666646748781,0.29428577423095703
0.0003312496410217136,0.3334294259548187,0.00419143121689558,0.2964150011539459
0.0003281740646343678,0.3340320587158203,0.004173964727669954,0.29828909039497375
0.0003250170557294041,0.33454808592796326,0.004139817785471678,0.3004239797592163
0.00032196653774008155,0.33454886078834534,0.004115832503885031,0.29973721504211426
0.00031894230050966144,0.3348531424999237,0.004083781037479639,0.2991185486316681
0.0003159192274324596,0.33515068888664246,0.004077816382050514,0.2970758378505707
0.00031305031734518707,0.33551108837127686,0.004046807996928692,0.2972008287906647
0.00031014898559078574,0.33561742305755615,0.003979781176894903,0.29842132329940796
0.0003072549297939986,0.3357942998409271,0.0039554983377456665,0.29771512746810913
0.0003044119803234935,0.33588626980781555,0.0039303661324083805,0.29604703187942505
0.00030162956682033837,0.33625200390815735,0.0039064944721758366,0.29639381170272827
0.00029886176344007254,0.33674857020378113,0.003876772942021489,0.30057045817375183
0.0002960662532132119,0.3372054696083069,0.003838722361251712,0.302303671836853
0.00029331917176023126,0.33699679374694824,0.003805080195888877,0.30041587352752686
0.0002905894652940333,0.3371882140636444,0.003775171237066388,0.29854127764701843
0.00028788161580450833,0.3375377357006073,0.003746032016351819,0.29834040999412537
0.00028530933195725083,0.3376891613006592,0.003736044280230999,0.29822129011154175
0.00028271591872908175,0.3380791246891022,0.003746123518794775,0.29931461811065674
0.0002803354582283646,0.33786246180534363,0.003743687877431512,0.29743140935897827
0.0002777281915768981,0.3379358649253845,0.0036647547967731953,0.2966427803039551
0.0002751585852820426,0.3381987512111664,0.0036207903176546097,0.296456515789032
0.0002725845552049577,0.3385542929172516,0.0035782777704298496,0.2988778352737427
0.00027013462386094034,0.33885011076927185,0.003562357509508729,0.3006311357021332
0.0002676903095562011,0.3393383026123047,0.0035462493542581797,0.30152300000190735
0.00026536997756920755,0.33952683210372925,0.0035613463260233402,0.30023708939552307
0.0002630197268445045,0.33985635638237,0.003558460157364607,0.2994125485420227
0.0002606896450743079,0.3402201235294342,0.0035416013561189175,0.30210116505622864
0.00025841392925940454,0.34036970138549805,0.003520053578540683,0.3063397705554962
0.0002560929278843105,0.34055739641189575,0.0035064565017819405,0.30726104974746704
0.0002538698026910424,0.3407368063926697,0.003481463063508272,0.306995153427124
0.00025162671227008104,0.34087613224983215,0.0034809343051165342,0.3055424094200134
0.00024937724811024964,0.3410300314426422,0.003469278570264578,0.3042980432510376
0.0002474734210409224,0.3408277630805969,0.003440284403041005,0.303607702255249
0.0002455467183608562,0.3408520519733429,0.0034624841064214706,0.30131298303604126
0.00024329341249540448,0.34107452630996704,0.0034156604669988155,0.30188360810279846
0.0002410132874501869,0.3415178060531616,0.0033907261677086353,0.3039968013763428
0.00023885309929028153,0.34188151359558105,0.003377846209332347,0.30618005990982056
0.00023674784461036325,0.3421715795993805,0.0033500734716653824,0.30674517154693604
0.00023470121959690005,0.3425202965736389,0.0033364789560437202,0.30790939927101135
0.0002325592504348606,0.34284844994544983,0.003298731753602624,0.30625462532043457
0.0002304971421835944,0.3430006206035614,0.003267915453761816,0.3035523593425751
0.00022849460947327316,0.3431745767593384,0.0032407979015260935,0.30022531747817993
0.0002265263901790604,0.3434597849845886,0.0032117278315126896,0.3013271391391754
0.00022458896273747087,0.3437448740005493,0.0031882342882454395,0.3037183880805969
0.00022268907923717052,0.3439897298812866,0.0031739415135234594,0.30555611848831177
0.0002207919751526788,0.3441794514656067,0.0031504088547080755,0.3065110743045807
0.0002189350634580478,0.344510018825531,0.003131947247311473,0.3078997731208801
0.00021713090245611966,0.34484177827835083,0.0031387589406222105,0.3080275058746338
0.00021531818492803723,0.3450962007045746,0.0031438760925084352,0.30588018894195557
0.00021349010057747364,0.3454572558403015,0.0031356485560536385,0.30868464708328247
0.00021167207160033286,0.3455392122268677,0.0030977828428149223,0.308732807636261
0.00020989443873986602,0.34565213322639465,0.0030582218896597624,0.30765703320503235
0.00020815413154195994,0.3457917869091034,0.003037592163309455,0.3059326410293579
