split,seed,model,acc
public,0,로지스틱 (특징만),0.605
public,0,MLP (특징만),0.5870000123977661
public,0,레이블 전파 (그래프만),0.7089999914169312
public,0,특징 전파 + 로지스틱,0.805
public,0,GCN,0.8169999718666077
public,0,GraphSAGE,0.8149999976158142
public,0,GAT,0.8330000042915344
random,0,로지스틱 (특징만),0.61
random,0,MLP (특징만),0.5929999947547913
random,0,레이블 전파 (그래프만),0.7139999866485596
random,0,특징 전파 + 로지스틱,0.793
random,0,GCN,0.8190000057220459
random,0,GraphSAGE,0.7730000019073486
random,0,GAT,0.8169999718666077
public,1,로지스틱 (특징만),0.605
public,1,MLP (특징만),0.5849999785423279
public,1,레이블 전파 (그래프만),0.7089999914169312
public,1,특징 전파 + 로지스틱,0.805
public,1,GCN,0.8230000138282776
public,1,GraphSAGE,0.8090000152587891
public,1,GAT,0.8230000138282776
random,1,로지스틱 (특징만),0.585
random,1,MLP (특징만),0.5709999799728394
random,1,레이블 전파 (그래프만),0.6570000052452087
random,1,특징 전파 + 로지스틱,0.819
random,1,GCN,0.8259999752044678
random,1,GraphSAGE,0.7889999747276306
random,1,GAT,0.7929999828338623
public,2,로지스틱 (특징만),0.605
public,2,MLP (특징만),0.5690000057220459
public,2,레이블 전파 (그래프만),0.7089999914169312
public,2,특징 전파 + 로지스틱,0.805
public,2,GCN,0.8320000171661377
public,2,GraphSAGE,0.8029999732971191
public,2,GAT,0.8339999914169312
random,2,로지스틱 (특징만),0.564
random,2,MLP (특징만),0.5699999928474426
random,2,레이블 전파 (그래프만),0.7269999980926514
random,2,특징 전파 + 로지스틱,0.801
random,2,GCN,0.8289999961853027
random,2,GraphSAGE,0.8009999990463257
random,2,GAT,0.8370000123977661
public,3,로지스틱 (특징만),0.605
public,3,MLP (특징만),0.5899999737739563
public,3,레이블 전파 (그래프만),0.7089999914169312
public,3,특징 전파 + 로지스틱,0.805
public,3,GCN,0.8230000138282776
public,3,GraphSAGE,0.8190000057220459
public,3,GAT,0.8259999752044678
random,3,로지스틱 (특징만),0.558
random,3,MLP (특징만),0.5590000152587891
random,3,레이블 전파 (그래프만),0.7080000042915344
random,3,특징 전파 + 로지스틱,0.8
random,3,GCN,0.7979999780654907
random,3,GraphSAGE,0.7760000228881836
random,3,GAT,0.7850000262260437
public,4,로지스틱 (특징만),0.605
public,4,MLP (특징만),0.5879999995231628
public,4,레이블 전파 (그래프만),0.7089999914169312
public,4,특징 전파 + 로지스틱,0.805
public,4,GCN,0.8149999976158142
public,4,GraphSAGE,0.8040000200271606
public,4,GAT,0.8349999785423279
random,4,로지스틱 (특징만),0.578
random,4,MLP (특징만),0.5899999737739563
random,4,레이블 전파 (그래프만),0.7379999756813049
random,4,특징 전파 + 로지스틱,0.792
random,4,GCN,0.8009999990463257
random,4,GraphSAGE,0.8109999895095825
random,4,GAT,0.8289999961853027
public,5,로지스틱 (특징만),0.605
public,5,MLP (특징만),0.5789999961853027
public,5,레이블 전파 (그래프만),0.7089999914169312
public,5,특징 전파 + 로지스틱,0.805
public,5,GCN,0.8209999799728394
public,5,GraphSAGE,0.8130000233650208
public,5,GAT,0.8339999914169312
random,5,로지스틱 (특징만),0.596
random,5,MLP (특징만),0.6050000190734863
random,5,레이블 전파 (그래프만),0.6800000071525574
random,5,특징 전파 + 로지스틱,0.756
random,5,GCN,0.7889999747276306
random,5,GraphSAGE,0.7860000133514404
random,5,GAT,0.8019999861717224
public,6,로지스틱 (특징만),0.605
public,6,MLP (특징만),0.5889999866485596
public,6,레이블 전파 (그래프만),0.7089999914169312
public,6,특징 전파 + 로지스틱,0.805
public,6,GCN,0.8050000071525574
public,6,GraphSAGE,0.7990000247955322
public,6,GAT,0.8289999961853027
random,6,로지스틱 (특징만),0.556
random,6,MLP (특징만),0.5730000138282776
random,6,레이블 전파 (그래프만),0.6650000214576721
random,6,특징 전파 + 로지스틱,0.727
random,6,GCN,0.7680000066757202
random,6,GraphSAGE,0.7760000228881836
random,6,GAT,0.7990000247955322
public,7,로지스틱 (특징만),0.605
public,7,MLP (특징만),0.5860000252723694
public,7,레이블 전파 (그래프만),0.7089999914169312
public,7,특징 전파 + 로지스틱,0.805
public,7,GCN,0.824999988079071
public,7,GraphSAGE,0.8149999976158142
public,7,GAT,0.8090000152587891
random,7,로지스틱 (특징만),0.604
random,7,MLP (특징만),0.5799999833106995
random,7,레이블 전파 (그래프만),0.7110000252723694
random,7,특징 전파 + 로지스틱,0.806
random,7,GCN,0.8159999847412109
random,7,GraphSAGE,0.7929999828338623
random,7,GAT,0.8140000104904175
public,8,로지스틱 (특징만),0.605
public,8,MLP (특징만),0.5709999799728394
public,8,레이블 전파 (그래프만),0.7089999914169312
public,8,특징 전파 + 로지스틱,0.805
public,8,GCN,0.828000009059906
public,8,GraphSAGE,0.7990000247955322
public,8,GAT,0.8100000023841858
random,8,로지스틱 (특징만),0.59
random,8,MLP (특징만),0.5789999961853027
random,8,레이블 전파 (그래프만),0.6980000138282776
random,8,특징 전파 + 로지스틱,0.773
random,8,GCN,0.7879999876022339
random,8,GraphSAGE,0.7559999823570251
random,8,GAT,0.8100000023841858
public,9,로지스틱 (특징만),0.605
public,9,MLP (특징만),0.5960000157356262
public,9,레이블 전파 (그래프만),0.7089999914169312
public,9,특징 전파 + 로지스틱,0.805
public,9,GCN,0.8059999942779541
public,9,GraphSAGE,0.7960000038146973
public,9,GAT,0.8220000267028809
random,9,로지스틱 (특징만),0.584
random,9,MLP (특징만),0.5879999995231628
random,9,레이블 전파 (그래프만),0.7129999995231628
random,9,특징 전파 + 로지스틱,0.811
random,9,GCN,0.8140000104904175
random,9,GraphSAGE,0.8069999814033508
random,9,GAT,0.8119999766349792
